{
"sq_24":{"sounds":[{"name":"sq/sq_24"}]},
"sq_25":{"sounds":[{"name":"sq/sq_25"}]},
"sq_26":{"sounds":[{"name":"sq/sq_26"}]},
"sq_27":{"sounds":[{"name":"sq/sq_27"}]},
"sq_28":{"sounds":[{"name":"sq/sq_28"}]},
"sq_29":{"sounds":[{"name":"sq/sq_29"}]},
"sq_30":{"sounds":[{"name":"sq/sq_30"}]},
"sq_31":{"sounds":[{"name":"sq/sq_31"}]},
"sq_32":{"sounds":[{"name":"sq/sq_32"}]},
"sq_33":{"sounds":[{"name":"sq/sq_33"}]},
"sq_34":{"sounds":[{"name":"sq/sq_34"}]},
"sq_35":{"sounds":[{"name":"sq/sq_35"}]},
"sq_36":{"sounds":[{"name":"sq/sq_36"}]},
"sq_37":{"sounds":[{"name":"sq/sq_37"}]},
"sq_38":{"sounds":[{"name":"sq/sq_38"}]},
"sq_39":{"sounds":[{"name":"sq/sq_39"}]},
"sq_40":{"sounds":[{"name":"sq/sq_40"}]},
"sq_41":{"sounds":[{"name":"sq/sq_41"}]},
"sq_42":{"sounds":[{"name":"sq/sq_42"}]},
"sq_43":{"sounds":[{"name":"sq/sq_43"}]},
"sq_44":{"sounds":[{"name":"sq/sq_44"}]},
"sq_45":{"sounds":[{"name":"sq/sq_45"}]},
"sq_46":{"sounds":[{"name":"sq/sq_46"}]},
"sq_47":{"sounds":[{"name":"sq/sq_47"}]},
"sq_48":{"sounds":[{"name":"sq/sq_48"}]},
"sq_49":{"sounds":[{"name":"sq/sq_49"}]},
"sq_50":{"sounds":[{"name":"sq/sq_50"}]},
"sq_51":{"sounds":[{"name":"sq/sq_51"}]},
"sq_52":{"sounds":[{"name":"sq/sq_52"}]},
"sq_53":{"sounds":[{"name":"sq/sq_53"}]},
"sq_54":{"sounds":[{"name":"sq/sq_54"}]},
"sq_55":{"sounds":[{"name":"sq/sq_55"}]},
"sq_56":{"sounds":[{"name":"sq/sq_56"}]},
"sq_57":{"sounds":[{"name":"sq/sq_57"}]},
"sq_58":{"sounds":[{"name":"sq/sq_58"}]},
"sq_59":{"sounds":[{"name":"sq/sq_59"}]},
"sq_60":{"sounds":[{"name":"sq/sq_60"}]},
"sq_61":{"sounds":[{"name":"sq/sq_61"}]},
"sq_62":{"sounds":[{"name":"sq/sq_62"}]},
"sq_63":{"sounds":[{"name":"sq/sq_63"}]},
"sq_64":{"sounds":[{"name":"sq/sq_64"}]},
"sq_65":{"sounds":[{"name":"sq/sq_65"}]},
"sq_66":{"sounds":[{"name":"sq/sq_66"}]},
"sq_67":{"sounds":[{"name":"sq/sq_67"}]},
"sq_68":{"sounds":[{"name":"sq/sq_68"}]},
"sq_69":{"sounds":[{"name":"sq/sq_69"}]},
"sq_70":{"sounds":[{"name":"sq/sq_70"}]},
"sq_71":{"sounds":[{"name":"sq/sq_71"}]},
"sq_72":{"sounds":[{"name":"sq/sq_72"}]},
"sq_73":{"sounds":[{"name":"sq/sq_73"}]},
"sq_74":{"sounds":[{"name":"sq/sq_74"}]},
"sq_75":{"sounds":[{"name":"sq/sq_75"}]},
"sq_76":{"sounds":[{"name":"sq/sq_76"}]},
"sq_77":{"sounds":[{"name":"sq/sq_77"}]},
"sq_78":{"sounds":[{"name":"sq/sq_78"}]},
"sq_79":{"sounds":[{"name":"sq/sq_79"}]},
"sq_80":{"sounds":[{"name":"sq/sq_80"}]},
"sq_81":{"sounds":[{"name":"sq/sq_81"}]},
"sq_82":{"sounds":[{"name":"sq/sq_82"}]},
"sq_83":{"sounds":[{"name":"sq/sq_83"}]},
"sq_84":{"sounds":[{"name":"sq/sq_84"}]},
"sq_85":{"sounds":[{"name":"sq/sq_85"}]},
"sq_86":{"sounds":[{"name":"sq/sq_86"}]},
"sq_87":{"sounds":[{"name":"sq/sq_87"}]},
"sq_88":{"sounds":[{"name":"sq/sq_88"}]},
"sq_89":{"sounds":[{"name":"sq/sq_89"}]},
"sq_90":{"sounds":[{"name":"sq/sq_90"}]},
"sq_91":{"sounds":[{"name":"sq/sq_91"}]},
"sq_92":{"sounds":[{"name":"sq/sq_92"}]},
"sq_93":{"sounds":[{"name":"sq/sq_93"}]},
"sq_94":{"sounds":[{"name":"sq/sq_94"}]},
"sq_95":{"sounds":[{"name":"sq/sq_95"}]},
"sq_96":{"sounds":[{"name":"sq/sq_96"}]},
"sq_97":{"sounds":[{"name":"sq/sq_97"}]},
"sq_98":{"sounds":[{"name":"sq/sq_98"}]},
"sq_99":{"sounds":[{"name":"sq/sq_99"}]},
"sq_100":{"sounds":[{"name":"sq/sq_100"}]},
"sq_101":{"sounds":[{"name":"sq/sq_101"}]},
"sq_102":{"sounds":[{"name":"sq/sq_102"}]},
"sq_103":{"sounds":[{"name":"sq/sq_103"}]},
"sq_104":{"sounds":[{"name":"sq/sq_104"}]},
"sq_105":{"sounds":[{"name":"sq/sq_105"}]},
"sq_106":{"sounds":[{"name":"sq/sq_106"}]},
"sq_107":{"sounds":[{"name":"sq/sq_107"}]},
"sq_108":{"sounds":[{"name":"sq/sq_108"}]}
}
