{
"lm4_21":{"sounds":[{"name":"lm4/lm4_21"}]},
"lm4_22":{"sounds":[{"name":"lm4/lm4_22"}]},
"lm4_23":{"sounds":[{"name":"lm4/lm4_23"}]},
"lm4_24":{"sounds":[{"name":"lm4/lm4_24"}]},
"lm4_25":{"sounds":[{"name":"lm4/lm4_25"}]},
"lm4_26":{"sounds":[{"name":"lm4/lm4_26"}]},
"lm4_27":{"sounds":[{"name":"lm4/lm4_27"}]},
"lm4_28":{"sounds":[{"name":"lm4/lm4_28"}]},
"lm4_29":{"sounds":[{"name":"lm4/lm4_29"}]},
"lm4_30":{"sounds":[{"name":"lm4/lm4_30"}]},
"lm4_31":{"sounds":[{"name":"lm4/lm4_31"}]},
"lm4_32":{"sounds":[{"name":"lm4/lm4_32"}]},
"lm4_33":{"sounds":[{"name":"lm4/lm4_33"}]},
"lm4_34":{"sounds":[{"name":"lm4/lm4_34"}]},
"lm4_35":{"sounds":[{"name":"lm4/lm4_35"}]},
"lm4_36":{"sounds":[{"name":"lm4/lm4_36"}]},
"lm4_37":{"sounds":[{"name":"lm4/lm4_37"}]}
}
