{
"ga_22":{"sounds":[{"name":"ga/ga_22"}]},
"ga_23":{"sounds":[{"name":"ga/ga_23"}]},
"ga_24":{"sounds":[{"name":"ga/ga_24"}]},
"ga_25":{"sounds":[{"name":"ga/ga_25"}]},
"ga_26":{"sounds":[{"name":"ga/ga_26"}]},
"ga_27":{"sounds":[{"name":"ga/ga_27"}]},
"ga_28":{"sounds":[{"name":"ga/ga_28"}]},
"ga_29":{"sounds":[{"name":"ga/ga_29"}]},
"ga_30":{"sounds":[{"name":"ga/ga_30"}]},
"ga_31":{"sounds":[{"name":"ga/ga_31"}]},
"ga_32":{"sounds":[{"name":"ga/ga_32"}]},
"ga_33":{"sounds":[{"name":"ga/ga_33"}]},
"ga_34":{"sounds":[{"name":"ga/ga_34"}]},
"ga_35":{"sounds":[{"name":"ga/ga_35"}]},
"ga_36":{"sounds":[{"name":"ga/ga_36"}]},
"ga_37":{"sounds":[{"name":"ga/ga_37"}]}
}
